metric,value
accuracy,0.7662337662337663
roc_auc,0.7536140791954745
n_train,612.0
n_test,154.0
n_features,9.0
high_backlog_threshold,0.0
backlog_lag_1,0.27332943530325504
bio_lag_1,0.11520335328429343
demo_lag_1,0.10886119943032517
demo_lag_2,0.10226085119039056
pct_0_5,0.09986563912666054
pct_18_plus,0.09139261561814073
bio_lag_2,0.09112427358733748
pct_5_17,0.08888704504044946
tier,0.02907558741914764
